Name,Gender,Height(m),Weight(kg)
Alan,M,1.670812,51.29746
Bob,M,1.816608,61.96646
Charles,M,1.76276,69.47562
Dave,M,1.732788,64.62236
Eddy,M,1.721866,65.5122
Faith,M,1.74498,55.9782
Ginny,M,1.77292,64.23646
Han,M,1.778254,61.95284
Ivory,M,1.72466,51.01598
